Workbook
Name cvv: '[1]comparativo varejo'!$A$2
Name frv: '[1]comparativo varejo'!$C$2
Name sdv: '[1]comparativo varejo'!$B$2

Sheet Curva de abrams 1
E3: CURVA DE ABRAMS
D5: A/C | E5: ÁGUA | F5: R 28
D6: ='AJUSTE DE ÁGUA'!I5 -> 1 | E6: ='AJUSTE DE ÁGUA'!H5 -> 195 | F6: ='AJUSTE DE ÁGUA'!O5 -> 18.5 | H6: Coeficientes: y = A . x B
D7: ='AJUSTE DE ÁGUA'!I6 -> 0.864 | E7: ='AJUSTE DE ÁGUA'!H6 -> 190 | F7: ='AJUSTE DE ÁGUA'!O6 -> 24 | I7: =[2]Abrams!AF7 -> TX 1
D8: ='AJUSTE DE ÁGUA'!I7 -> 0.76 | E8: ='AJUSTE DE ÁGUA'!H7 -> 190 | F8: ='AJUSTE DE ÁGUA'!O7 -> 28.1 | H8: A= | I8: =19.096 -> 19.096
D9: ='AJUSTE DE ÁGUA'!I8 -> 0.633 | E9: ='AJUSTE DE ÁGUA'!H8 -> 190 | F9: ='AJUSTE DE ÁGUA'!O8 -> 36.1 | H9: B= | I9: -1.365
D10: ='AJUSTE DE ÁGUA'!I9 -> 0.543 | E10: ='AJUSTE DE ÁGUA'!H9 -> 190 | F10: ='AJUSTE DE ÁGUA'!O9 -> 43
C23: FCK | D23: FC28 | E23: FATOR A/C | F23: ÁGUA | G23: CIMENTO
C24: 15 | D24: =C24+2.55*1.65 -> 19.2075 | E24: =(D24/$I$8)^(1/$I$9) -> 0.99574393 | F24: =ROUNDDOWN(IF(E24>$D$6,$E$6,IF(E24>$D$7,$E$6-($E$6-$E$7)/($D$6-$D$7)*($D$6-E24),IF(E24>$D$10,$E$7-($E$7-$E$10)/($D$7-$D$10)*($D$7-E24),IF(E24>$D$11,$E$10-($E$10-$E$11)/($D$10-$D$11)*($D$10-E24),IF(E24<$D$11,$E$11,""))))),0) -> 194 | G24: =ROUNDUP(F24/E24,0) -> 195
C25: 20 | D25: =C25+2.85*1.65 -> 24.7025 | E25: =(D25/$I$8)^(1/$I$9) -> 0.82812584 | F25: =ROUNDDOWN(IF(E25>$D$6,$E$6,IF(E25>$D$7,$E$6-($E$6-$E$7)/($D$6-$D$7)*($D$6-E25),IF(E25>$D$10,$E$7-($E$7-$E$10)/($D$7-$D$10)*($D$7-E25),IF(E25>$D$11,$E$10-($E$10-$E$11)/($D$10-$D$11)*($D$10-E25),IF(E25<$D$11,$E$11,""))))),0) -> 190 | G25: =ROUNDUP(F25/E25,0) -> 230
C26: 25 | D26: =C26+3.15*1.65 -> 30.1975 | E26: =(D26/$I$8)^(1/$I$9) -> 0.71481147 | F26: =ROUNDDOWN(IF(E26>$D$6,$E$6,IF(E26>$D$7,$E$6-($E$6-$E$7)/($D$6-$D$7)*($D$6-E26),IF(E26>$D$10,$E$7-($E$7-$E$10)/($D$7-$D$10)*($D$7-E26),IF(E26>$D$11,$E$10-($E$10-$E$11)/($D$10-$D$11)*($D$10-E26),IF(E26<$D$11,$E$11,""))))),0) -> 190 | G26: =ROUNDUP(F26/E26,0) -> 266
C27: 30 | D27: =C27+4*1.65 -> 36.6 | E27: =(D27/$I$8)^(1/$I$9) -> 0.62088613 | F27: =ROUNDDOWN(IF(E27>$D$6,$E$6,IF(E27>$D$7,$E$6-($E$6-$E$7)/($D$6-$D$7)*($D$6-E27),IF(E27>$D$10,$E$7-($E$7-$E$10)/($D$7-$D$10)*($D$7-E27),IF(E27>$D$11,$E$10-($E$10-$E$11)/($D$10-$D$11)*($D$10-E27),IF(E27<$D$11,$E$11,""))))),0) -> 190 | G27: =ROUNDUP(F27/E27,0) -> 307
C28: 35 | D28: =C28+4*1.65 -> 41.6 | E28: =(D28/$I$8)^(1/$I$9) -> 0.56528881 | F28: =ROUNDDOWN(IF(E28>$D$6,$E$6,IF(E28>$D$7,$E$6-($E$6-$E$7)/($D$6-$D$7)*($D$6-E28),IF(E28>$D$10,$E$7-($E$7-$E$10)/($D$7-$D$10)*($D$7-E28),IF(E28>$D$11,$E$10-($E$10-$E$11)/($D$10-$D$11)*($D$10-E28),IF(E28<$D$11,$E$11,""))))),0) -> 190 | G28: =ROUNDUP(F28/E28,0) -> 337
C29: 40 | D29: =C29+5*1.65 -> 48.25 | E29: =(D29/$I$8)^(1/$I$9) -> 0.50709342 | F29: 195 | G29: =ROUNDUP(F29/E29,0) -> 385
L30: =J28/12 -> 0

Sheet Curva de abrams 2
E2: CURVA DE ABRAMS
D4: A/C | E4: ÁGUA | F4: R 28
D5: ='AJUSTE DE ÁGUA'!I10 -> 1 | E5: ='AJUSTE DE ÁGUA'!H10 -> 190 | F5: ='AJUSTE DE ÁGUA'!O10 -> 0 | H5: Coeficientes: y = A . x B
D6: ='AJUSTE DE ÁGUA'!I11 -> 0.864 | E6: ='AJUSTE DE ÁGUA'!H11 -> 190 | F6: ='AJUSTE DE ÁGUA'!O11 -> 0 | I6: =[2]Abrams!AF7 -> TX 1
D7: ='AJUSTE DE ÁGUA'!I12 -> 0.76 | E7: ='AJUSTE DE ÁGUA'!H12 -> 190 | F7: ='AJUSTE DE ÁGUA'!O12 -> 0 | H7: A= | I7: 21.254
D8: ='AJUSTE DE ÁGUA'!I13 -> 0.633 | E8: ='AJUSTE DE ÁGUA'!H13 -> 190 | F8: ='AJUSTE DE ÁGUA'!O13 -> 0 | H8: B= | I8: -1.121
D9: ='AJUSTE DE ÁGUA'!I14 -> 0.543 | E9: ='AJUSTE DE ÁGUA'!H14 -> 195 | F9: ='AJUSTE DE ÁGUA'!O14 -> 0
C22: FCK | D22: FC28 | E22: FATOR A/C | F22: ÁGUA | G22: CIMENTO
C23: 15 | D23: =C23+2.5*1.65 -> 19.125 | E23: =(D23/$I$7)^(1/$I$8) -> 1.098731 | F23: =ROUNDDOWN(IF(E23>$D$5,$E$5,IF(E23>$D$6,$E$5-($E$5-$E$6)/($D$5-$D$6)*($D$5-E23),IF(E23>$D$9,$E$6-($E$6-$E$9)/($D$6-$D$9)*($D$6-E23),IF(E23>$D$10,$E$9-($E$9-$E$10)/($D$9-$D$10)*($D$9-E23),IF(E23<$D$10,$E$10,""))))),0) -> 190 | G23: =ROUNDUP(F23/E23,0) -> 173
C24: 20 | D24: =C24+3*1.65 -> 24.95 | E24: =(D24/$I$7)^(1/$I$8) -> 0.86673419 | F24: =ROUNDDOWN(IF(E24>$D$5,$E$5,IF(E24>$D$6,$E$5-($E$5-$E$6)/($D$5-$D$6)*($D$5-E24),IF(E24>$D$9,$E$6-($E$6-$E$9)/($D$6-$D$9)*($D$6-E24),IF(E24>$D$10,$E$9-($E$9-$E$10)/($D$9-$D$10)*($D$9-E24),IF(E24<$D$10,$E$10,""))))),0) -> 190 | G24: =ROUNDUP(F24/E24,0) -> 220
C25: 25 | D25: =C25+4*1.65 -> 31.6 | E25: =(D25/$I$7)^(1/$I$8) -> 0.70201397 | F25: =ROUNDDOWN(IF(E25>$D$5,$E$5,IF(E25>$D$6,$E$5-($E$5-$E$6)/($D$5-$D$6)*($D$5-E25),IF(E25>$D$9,$E$6-($E$6-$E$9)/($D$6-$D$9)*($D$6-E25),IF(E25>$D$10,$E$9-($E$9-$E$10)/($D$9-$D$10)*($D$9-E25),IF(E25<$D$10,$E$10,""))))),0) -> 192 | G25: =ROUNDUP(F25/E25,0) -> 274
C26: 30 | D26: =C26+4*1.65 -> 36.6 | E26: =(D26/$I$7)^(1/$I$8) -> 0.6157971 | F26: =ROUNDDOWN(IF(E26>$D$5,$E$5,IF(E26>$D$6,$E$5-($E$5-$E$6)/($D$5-$D$6)*($D$5-E26),IF(E26>$D$9,$E$6-($E$6-$E$9)/($D$6-$D$9)*($D$6-E26),IF(E26>$D$10,$E$9-($E$9-$E$10)/($D$9-$D$10)*($D$9-E26),IF(E26<$D$10,$E$10,""))))),0) -> 193 | G26: =ROUNDUP(F26/E26,0) -> 314
C27: 35 | D27: =C27+4*1.65 -> 41.6 | E27: =(D27/$I$7)^(1/$I$8) -> 0.54932345 | F27: =ROUNDDOWN(IF(E27>$D$5,$E$5,IF(E27>$D$6,$E$5-($E$5-$E$6)/($D$5-$D$6)*($D$5-E27),IF(E27>$D$7,$E$6-($E$6-$E$7)/($D$6-$D$8)*($D$6-E27),IF(E27>$D$10,$E$8-($E$9-$E$10)/($D$9-$D$10)*($D$9-E27),IF(E27<$D$10,$E$10,""))))),0) -> 192 | G27: =ROUNDUP(F27/E27,0) -> 350
C28: 40 | D28: =C28+4.5*1.65 -> 47.425 | E28: =(D28/$I$7)^(1/$I$8) -> 0.48871694 | F28: 190 | G28: =ROUNDUP(F28/E28,0) -> 389
L29: =J27/12 -> 0

Sheet AJUSTE DE ÁGUA
A2: ESTUDO DE ADITIVO
A4: ar | B4: volume | C4: FCK | D4: descrição | E4: agua inicial | F4: consumo cimento | G4: ajuste água | H4: água final | I4: a/c final | J4: consumo final | K4: abat final | L4: R1 | M4: R3 | N4: R7 | O4: R28
A5: 0.025 | B5: 22 | C5: 20 | D5: CPV ARI (fornecedor ) + agregados v brita + pó + areia nat | E5: 190 | F5: 190 | G5: 0 | H5: 195 | I5: =ROUND((B5/1000*E5+G5)/(B5/1000*F5),3) -> 1 | J5: =F5 -> 190 | K5: 120 | L5: 3.4 | M5: 9.4 | N5: 13.7 | O5: 18.5
A6: 0.025 | B6: 22 | C6: 25 | D6: CPV ARI (fornecedor ) + agregados v brita + pó + areia nat | E6: 190 | F6: 220 | G6: 0 | H6: =ROUND(1000*(B6/1000*E6+G6)/(B6+G6/(1-A6)),0) -> 190 | I6: =ROUND((B6/1000*E6+G6)/(B6/1000*F6),3) -> 0.864 | J6: =F6 -> 220 | K6: 125 | L6: 4 | M6: 11.47 | N6: 16.3 | O6: 24
A7: 0.025 | B7: 22 | C7: 30 | D7: CPV ARI (fornecedor ) + agregados v brita + pó + areia nat | E7: 190 | F7: 250 | G7: 0 | H7: =ROUND(1000*(B7/1000*E7+G7)/(B7+G7/(1-A7)),0) -> 190 | I7: =ROUND((B7/1000*E7+G7)/(B7/1000*F7),3) -> 0.76 | J7: =F7 -> 250 | K7: 125 | L7: 4.3 | M7: 13.2 | N7: 18.6 | O7: 28.1
A8: 0.025 | B8: 22 | C8: 35 | D8: CPV ARI (fornecedor ) + agregados v brita + pó + areia nat | E8: 190 | F8: 300 | G8: 0 | H8: =ROUND(1000*(B8/1000*E8+G8)/(B8+G8/(1-A8)),0) -> 190 | I8: =ROUND((B8/1000*E8+G8)/(B8/1000*F8),3) -> 0.633 | J8: =F8 -> 300 | K8: 120 | L8: 8.1 | M8: 22.6 | N8: 26 | O8: 36.1
A9: 0.025 | B9: 22 | C9: 40 | D9: CPV ARI (fornecedor ) + agregados v brita + pó + areia nat | E9: 190 | F9: 350 | G9: 0 | H9: =ROUND(1000*(B9/1000*E9+G9)/(B9+G9/(1-A9)),0) -> 190 | I9: =ROUND((B9/1000*E9+G9)/(B9/1000*F9),3) -> 0.543 | J9: =F9 -> 350 | K9: 125 | L9: 6.48 | M9: - | N9: 29.4 | O9: 43
A10: 0.025 | B10: 22 | C10: 20 | D10: CPV ARI (fornecedor 2) + agregados v brita + pó + areia nat | E10: 190 | F10: 190 | G10: 0 | H10: =ROUND(1000*(B10/1000*E10+G10)/(B10+G10/(1-A10)),0) -> 190 | I10: =ROUND((B10/1000*E10+G10)/(B10/1000*F10),3) -> 1 | J10: =F10 -> 190 | K10: 130
A11: 0.025 | B11: 22 | C11: 25 | D11: CPV ARI (fornecedor 2) + agregados v brita + pó + areia nat | E11: 190 | F11: 220 | G11: 0 | H11: =ROUND(1000*(B11/1000*E11+G11)/(B11+G11/(1-A11)),0) -> 190 | I11: =ROUND((B11/1000*E11+G11)/(B11/1000*F11),3) -> 0.864 | J11: =F11 -> 220 | K11: 130
A12: 0.025 | B12: 22 | C12: 30 | D12: CPV ARI (fornecedor 2) + agregados v brita + pó + areia nat | E12: 190 | F12: 250 | G12: 0 | H12: =ROUND(1000*(B12/1000*E12+G12)/(B12+G12/(1-A12)),0) -> 190 | I12: =ROUND((B12/1000*E12+G12)/(B12/1000*F12),3) -> 0.76 | J12: =F12 -> 250 | K12: 130
A13: 0.025 | B13: 22 | C13: 30 | D13: CPV ARI (fornecedor 2) + agregados v brita + pó + areia nat | E13: 190 | F13: 300 | G13: 0 | H13: =ROUND(1000*(B13/1000*E13+G13)/(B13+G13/(1-A13)),0) -> 190 | I13: =ROUND((B13/1000*E13+G13)/(B13/1000*F13),3) -> 0.633 | J13: =F13 -> 300 | K13: 140
A14: 0.025 | B14: 22 | C14: 40 | D14: CPV ARI (fornecedor 2) + agregados v brita + pó + areia nat | E14: 190 | F14: 350 | G14: 0 | H14: 195 | I14: =ROUND((B14/1000*E14+G14)/(B14/1000*F14),3) -> 0.543 | J14: =F14 -> 350 | K14: 140
